{"name":"codename","identifier":"SYJFIPGUSA","description":null,"slotTypeValues":[{"synonyms":null,"sampleValue":{"value":"python"}},{"synonyms":null,"sampleValue":{"value":"java"}},{"synonyms":null,"sampleValue":{"value":"javascript"}},{"synonyms":null,"sampleValue":{"value":"html"}},{"synonyms":null,"sampleValue":{"value":"C"}},{"synonyms":null,"sampleValue":{"value":"aws"}},{"synonyms":null,"sampleValue":{"value":"azure"}}],"parentSlotTypeSignature":null,"valueSelectionSetting":{"resolutionStrategy":"ORIGINAL_VALUE","regexFilter":null}}